Date,cumulative_total_cases,daily_new_cases,active_cases,cumulative_total_deaths,daily_new_deaths
2020-2-15,0.0,0.0,0.0,0.0,0.0
2020-2-16,0.0,0.0,0.0,0.0,0.0
2020-2-17,0.0,0.0,0.0,0.0,0.0
2020-2-18,0.0,0.0,0.0,0.0,0.0
2020-2-19,0.0,0.0,0.0,0.0,0.0
2020-2-20,0.0,0.0,0.0,0.0,0.0
2020-2-21,0.0,0.0,0.0,0.0,0.0
2020-2-22,0.0,0.0,0.0,0.0,0.0
2020-2-23,0.0,0.0,0.0,0.0,0.0
2020-2-24,0.0,0.0,0.0,0.0,0.0
2020-2-25,1.0,0.0,1.0,0.0,0.0
2020-2-26,1.0,0.0,1.0,0.0,0.0
2020-2-27,1.0,0.0,1.0,0.0,0.0
2020-2-28,1.0,0.0,1.0,0.0,0.0
2020-2-29,2.0,1.0,2.0,0.0,0.0
2020-3-01,2.0,0.0,2.0,0.0,0.0
2020-3-02,2.0,0.0,2.0,0.0,0.0
2020-3-03,2.0,0.0,2.0,0.0,0.0
2020-3-04,3.0,1.0,3.0,0.0,0.0
2020-3-05,8.0,5.0,8.0,0.0,0.0
2020-3-06,13.0,5.0,13.0,0.0,0.0
2020-3-07,19.0,6.0,19.0,0.0,0.0
2020-3-08,25.0,6.0,25.0,0.0,0.0
2020-3-09,25.0,0.0,25.0,0.0,0.0
2020-3-10,34.0,9.0,34.0,0.0,0.0
2020-3-11,52.0,18.0,52.0,0.0,0.0
2020-3-12,77.0,25.0,77.0,0.0,0.0
2020-3-13,151.0,74.0,150.0,0.0,0.0
2020-3-14,151.0,0.0,150.0,0.0,0.0
2020-3-15,200.0,49.0,198.0,0.0,0.0
2020-3-16,234.0,34.0,232.0,0.0,0.0
2020-3-17,346.0,112.0,343.0,1.0,1.0
2020-3-18,529.0,183.0,523.0,4.0,3.0
2020-3-19,640.0,111.0,631.0,7.0,3.0
2020-3-20,970.0,330.0,957.0,11.0,4.0
2020-3-21,1178.0,208.0,1158.0,18.0,7.0
2020-3-22,1546.0,368.0,1519.0,25.0,7.0
2020-3-23,1924.0,378.0,1888.0,34.0,9.0
2020-3-24,2247.0,323.0,2199.0,46.0,12.0
2020-3-25,2554.0,307.0,2493.0,59.0,13.0
2020-3-26,2986.0,432.0,2903.0,77.0,18.0
2020-3-27,3419.0,433.0,3321.0,92.0,15.0
2020-3-28,3907.0,488.0,3787.0,114.0,22.0
2020-3-29,4259.0,352.0,4117.0,136.0,22.0
2020-3-30,4633.0,374.0,4350.0,163.0,27.0
2020-3-31,5721.0,1088.0,5393.0,201.0,38.0
2020-4-01,6885.0,1164.0,6516.0,242.0,41.0
2020-4-02,8050.0,1165.0,7599.0,324.0,82.0
2020-4-03,9201.0,1151.0,8711.0,363.0,39.0
2020-4-04,10368.0,1167.0,9796.0,445.0,82.0
2020-4-05,11263.0,895.0,10650.0,486.0,41.0
2020-4-06,12193.0,930.0,11502.0,564.0,78.0
2020-4-07,14046.0,1853.0,13233.0,686.0,122.0
2020-4-08,16203.0,2157.0,15256.0,820.0,134.0
2020-4-09,18162.0,1959.0,17035.0,954.0,134.0
2020-4-10,19808.0,1646.0,18567.0,1068.0,114.0
2020-4-11,20982.0,1174.0,19669.0,1140.0,72.0
2020-4-12,22214.0,1232.0,20818.0,1223.0,83.0
2020-4-13,23454.0,1240.0,21953.0,1328.0,105.0
2020-4-14,25288.0,1834.0,9730.0,1532.0,204.0
2020-4-15,28640.0,3352.0,12857.0,1757.0,225.0
2020-4-16,30716.0,2076.0,14743.0,1947.0,190.0
2020-4-17,33719.0,3003.0,17552.0,2141.0,194.0
2020-4-18,36763.0,3044.0,20376.0,2361.0,220.0
2020-4-19,38697.0,1934.0,14105.0,2462.0,101.0
2020-4-20,40789.0,2092.0,16072.0,2587.0,125.0
2020-4-21,43128.0,2339.0,16062.0,2741.0,154.0
2020-4-22,45809.0,2681.0,17585.0,2906.0,165.0
2020-4-23,49549.0,3740.0,19663.0,3313.0,407.0
2020-4-24,53056.0,3507.0,21731.0,3670.0,357.0
2020-4-25,59265.0,6209.0,26060.0,4045.0,375.0
2020-4-26,62932.0,3667.0,28509.0,4271.0,226.0
2020-4-27,66578.0,3646.0,30893.0,4543.0,272.0
2020-4-28,72984.0,6406.0,35377.0,5063.0,520.0
2020-4-29,79454.0,6470.0,39811.0,5511.0,448.0
2020-4-30,85480.0,6026.0,43644.0,5901.0,390.0
2020-5-01,92217.0,6737.0,47768.0,6410.0,509.0
2020-5-02,96672.0,4455.0,48985.0,6750.0,340.0
2020-5-03,101266.0,4594.0,51250.0,7025.0,275.0
2020-5-04,108394.0,7128.0,55236.0,7343.0,318.0
2020-5-05,114851.0,6457.0,58709.0,7921.0,578.0
2020-5-06,126762.0,11911.0,66804.0,8588.0,667.0
2020-5-07,135855.0,9093.0,71317.0,9188.0,600.0
2020-5-08,146067.0,10212.0,76778.0,9992.0,804.0
2020-5-09,156248.0,10181.0,83907.0,10656.0,664.0
2020-5-10,162894.0,6646.0,86814.0,11123.0,467.0
2020-5-11,169346.0,6452.0,90337.0,11625.0,502.0
2020-5-12,177815.0,8469.0,92814.0,12404.0,779.0
2020-5-13,189384.0,11569.0,97802.0,13158.0,754.0
2020-5-14,203162.0,13778.0,109690.0,13993.0,835.0
2020-5-15,218486.0,15324.0,118699.0,14817.0,824.0
2020-5-16,233423.0,14937.0,128118.0,15633.0,816.0
2020-5-17,241371.0,7948.0,131131.0,16118.0,485.0
2020-5-18,255677.0,14306.0,138365.0,16853.0,735.0
2020-5-19,272214.0,16537.0,147437.0,17983.0,1130.0
2020-5-20,293712.0,21498.0,158135.0,18894.0,911.0
2020-5-21,311298.0,17586.0,165256.0,20082.0,1188.0
2020-5-22,331292.0,19994.0,174814.0,21048.0,966.0
2020-5-23,347820.0,16528.0,183220.0,22013.0,965.0
2020-5-24,364060.0,16240.0,191433.0,22716.0,703.0
2020-5-25,377127.0,13067.0,199772.0,23522.0,806.0
2020-5-26,392837.0,15710.0,209695.0,24549.0,1027.0
2020-5-27,415165.0,22328.0,222821.0,25697.0,1148.0
2020-5-28,439346.0,24181.0,219401.0,26764.0,1067.0
2020-5-29,468908.0,29562.0,247783.0,27944.0,1180.0
2020-5-30,499047.0,30139.0,264842.0,28834.0,890.0
2020-5-31,515476.0,16429.0,279607.0,29314.0,480.0
2020-6-01,530050.0,14574.0,288924.0,30046.0,732.0
2020-6-02,557346.0,27296.0,285441.0,31278.0,1232.0
2020-6-03,584692.0,27346.0,286013.0,32547.0,1269.0
2020-6-04,616621.0,31929.0,307585.0,34039.0,1492.0
2020-6-05,646794.0,30173.0,323095.0,35047.0,1008.0
2020-6-06,674409.0,27615.0,336368.0,35957.0,910.0
2020-6-07,692807.0,18398.0,354224.0,36499.0,542.0
2020-6-08,711755.0,18948.0,348841.0,37312.0,813.0
2020-6-09,742990.0,31235.0,378891.0,38497.0,1185.0
2020-6-10,776131.0,33141.0,356034.0,39797.0,1300.0
2020-6-11,806633.0,30502.0,368883.0,41058.0,1261.0
2020-6-12,830916.0,24283.0,392323.0,41901.0,843.0
2020-6-13,851836.0,20920.0,381435.0,42791.0,890.0
2020-6-14,868943.0,17107.0,388042.0,43389.0,598.0
2020-6-15,892646.0,23703.0,394960.0,44118.0,729.0
2020-6-16,929970.0,37324.0,419740.0,45456.0,1338.0
2020-6-17,961484.0,31514.0,411312.0,46665.0,1209.0
2020-6-18,984562.0,23078.0,433186.0,47869.0,1204.0
2020-6-19,1039839.0,55277.0,470389.0,49090.0,1221.0
2020-6-20,1071449.0,31610.0,478205.0,50058.0,968.0
2020-6-21,1088321.0,16872.0,458436.0,50659.0,601.0
2020-6-22,1112709.0,24388.0,482076.0,51407.0,748.0
2020-6-23,1152889.0,40180.0,486773.0,52771.0,1364.0
2020-6-24,1193934.0,41045.0,490152.0,53874.0,1103.0
2020-6-25,1234657.0,40723.0,529695.0,55054.0,1180.0
2020-6-26,1281622.0,46965.0,527987.0,56109.0,1055.0
2020-6-27,1317553.0,35931.0,544545.0,57103.0,994.0
2020-6-28,1346902.0,29349.0,555396.0,57658.0,555.0
2020-6-29,1372167.0,25265.0,556320.0,58385.0,727.0
2020-6-30,1410211.0,38044.0,560515.0,59656.0,1271.0
2020-7-01,1455150.0,44939.0,567571.0,60713.0,1057.0
2020-7-02,1503193.0,48043.0,525056.0,61990.0,1277.0
2020-7-03,1545233.0,42040.0,536064.0,63254.0,1264.0
2020-7-04,1580311.0,35078.0,537331.0,64365.0,1111.0
2020-7-05,1606552.0,26241.0,563037.0,64900.0,535.0
2020-7-06,1628064.0,21512.0,583893.0,65556.0,656.0
2020-7-07,1676708.0,48644.0,537611.0,66868.0,1312.0
2020-7-08,1718300.0,41592.0,532323.0,68055.0,1187.0
2020-7-09,1761260.0,42960.0,539539.0,69254.0,1199.0
2020-7-10,1806551.0,45291.0,550431.0,70524.0,1270.0
2020-7-11,1843070.0,36519.0,558066.0,71492.0,968.0
2020-7-12,1868465.0,25395.0,582802.0,72151.0,659.0
2020-7-13,1890275.0,21810.0,603842.0,72921.0,770.0
2020-7-14,1933573.0,43298.0,645799.0,74262.0,1341.0
2020-7-15,1973327.0,39754.0,642240.0,75523.0,1261.0
2020-7-16,2017210.0,43883.0,573613.0,76822.0,1299.0
2020-7-17,2051211.0,34001.0,606504.0,77932.0,1110.0
2020-7-18,2077793.0,26582.0,632201.0,78817.0,885.0
2020-7-19,2102473.0,24680.0,651711.0,79533.0,716.0
2020-7-20,2124249.0,21776.0,634796.0,80251.0,718.0
2020-7-21,2169191.0,44942.0,621624.0,81597.0,1346.0
2020-7-22,2234610.0,65419.0,619582.0,82890.0,1293.0
2020-7-23,2292761.0,58151.0,638317.0,84207.0,1317.0
2020-7-24,2351081.0,58320.0,673415.0,85385.0,1178.0
2020-7-25,2399374.0,48293.0,695398.0,86496.0,1111.0
2020-7-26,2422870.0,23496.0,701544.0,87052.0,556.0
2020-7-27,2446478.0,23608.0,691132.0,87679.0,627.0
2020-7-28,2487698.0,41220.0,677504.0,88634.0,955.0
2020-7-29,2558654.0,70956.0,681047.0,90188.0,1554.0
2020-7-30,2616996.0,58342.0,701524.0,91377.0,1189.0
2020-7-31,2669569.0,52573.0,692950.0,92568.0,1191.0
2020-8-01,2712199.0,42630.0,734532.0,93616.0,1048.0
2020-8-02,2737030.0,24831.0,758849.0,94130.0,514.0
2020-8-03,2755040.0,18010.0,748019.0,94702.0,572.0
2020-8-04,2811520.0,56480.0,744657.0,96096.0,1394.0
2020-8-05,2866272.0,54752.0,748217.0,97418.0,1322.0
2020-8-06,2921140.0,54868.0,774836.0,98644.0,1226.0
2020-8-07,2970703.0,49563.0,802607.0,99702.0,1058.0
2020-8-08,3017065.0,46362.0,822229.0,100543.0,841.0
2020-8-09,3039305.0,22240.0,819709.0,101136.0,593.0
2020-8-10,3061220.0,21915.0,795551.0,101857.0,721.0
2020-8-11,3116210.0,54990.0,769987.0,103099.0,1242.0
2020-8-12,3174362.0,58152.0,760622.0,104263.0,1164.0
2020-8-13,3233582.0,59220.0,771378.0,105564.0,1301.0
2020-8-14,3282916.0,49334.0,792043.0,106571.0,1007.0
2020-8-15,3321901.0,38985.0,810332.0,107297.0,726.0
2020-8-16,3344293.0,22392.0,803958.0,107879.0,582.0
2020-8-17,3367359.0,23066.0,780211.0,108654.0,775.0
2020-8-18,3416056.0,48697.0,751858.0,110019.0,1365.0
2020-8-19,3464657.0,48601.0,738214.0,111189.0,1170.0
2020-8-20,3509396.0,44739.0,743566.0,112423.0,1234.0
2020-8-21,3540826.0,31430.0,756617.0,113454.0,1031.0
2020-8-22,3587093.0,46267.0,763178.0,114277.0,823.0
2020-8-23,3610206.0,23113.0,785796.0,114772.0,495.0
2020-8-24,3631666.0,21460.0,737506.0,115451.0,679.0
2020-8-25,3678683.0,47017.0,713622.0,116666.0,1215.0
2020-8-26,3726570.0,47887.0,699966.0,117756.0,1090.0
2020-8-27,3769111.0,42541.0,703135.0,118726.0,970.0
2020-8-28,3817282.0,48171.0,720892.0,119594.0,868.0
2020-8-29,3851684.0,34402.0,724374.0,120498.0,904.0
2020-8-30,3867049.0,15365.0,714594.0,120896.0,398.0
2020-8-31,3915699.0,48650.0,696450.0,121515.0,619.0
2020-9-01,3957639.0,41940.0,675862.0,122681.0,1166.0
2020-9-02,4006331.0,48692.0,672027.0,123899.0,1218.0
2020-9-03,4051114.0,44783.0,678775.0,124729.0,830.0
2020-9-04,4096821.0,45707.0,692994.0,125584.0,855.0
2020-9-05,4128058.0,31237.0,705126.0,126230.0,646.0
2020-9-06,4142682.0,14624.0,698769.0,126686.0,456.0
2020-9-07,4152883.0,10201.0,670318.0,127001.0,315.0
2020-9-08,4170234.0,17351.0,645483.0,127517.0,516.0
2020-9-09,4204484.0,34250.0,622495.0,128653.0,1136.0
2020-9-10,4244965.0,40481.0,618053.0,129575.0,922.0
2020-9-11,4289234.0,44269.0,628105.0,130474.0,899.0
2020-9-12,4321153.0,31919.0,636458.0,131274.0,800.0
2020-9-13,4335768.0,14615.0,630147.0,131663.0,389.0
2020-9-14,4354880.0,19112.0,609579.0,132117.0,454.0
2020-9-15,4389678.0,34798.0,585343.0,133207.0,1090.0
2020-9-16,4427111.0,37433.0,572625.0,134174.0,967.0
2020-9-17,4462912.0,35801.0,574799.0,135031.0,857.0
2020-9-18,4502952.0,40040.0,577956.0,135857.0,826.0
2020-9-19,4533903.0,30951.0,577243.0,136565.0,708.0
2020-9-20,4550205.0,16302.0,562083.0,136895.0,330.0
2020-9-21,4565678.0,15473.0,541129.0,137350.0,455.0
2020-9-22,4600973.0,35295.0,517187.0,138159.0,809.0
2020-9-23,4633458.0,32485.0,501507.0,139065.0,906.0
2020-9-24,4665626.0,32168.0,501954.0,139883.0,818.0
2020-9-25,4698336.0,32710.0,516678.0,140709.0,826.0
2020-9-26,4723903.0,25567.0,531625.0,141441.0,732.0
2020-9-27,4738114.0,14211.0,536250.0,141776.0,335.0
2020-9-28,4754152.0,16038.0,527809.0,142161.0,385.0
2020-9-29,4786181.0,32029.0,508083.0,143010.0,849.0
2020-9-30,4819491.0,33310.0,495153.0,143962.0,952.0
2020-10-01,4855178.0,35687.0,497639.0,144767.0,805.0
2020-10-02,4888220.0,33042.0,510196.0,145431.0,664.0
2020-10-03,4912852.0,24632.0,518267.0,146011.0,580.0
2020-10-04,4921318.0,8466.0,511735.0,146375.0,364.0
2020-10-05,4946559.0,25241.0,504484.0,146773.0,398.0
2020-10-06,4977050.0,30491.0,476608.0,147571.0,798.0
2020-10-07,5008493.0,31443.0,468765.0,148304.0,733.0
2020-10-08,5035708.0,27215.0,472110.0,149034.0,730.0
2020-10-09,5063393.0,27685.0,480106.0,149692.0,658.0
2020-10-10,5098086.0,34693.0,494128.0,150236.0,544.0
2020-10-11,5101229.0,3143.0,480558.0,150506.0,270.0
2020-10-12,5109668.0,8439.0,463690.0,150709.0,203.0
2020-10-13,5121097.0,11429.0,443059.0,151063.0,354.0
2020-10-14,5147805.0,26708.0,427213.0,151779.0,716.0
2020-10-15,5177339.0,29534.0,425380.0,152513.0,734.0
2020-10-16,5207951.0,30612.0,435162.0,153229.0,716.0
2020-10-17,5230771.0,22820.0,441766.0,153690.0,461.0
2020-10-18,5241766.0,10995.0,437831.0,153905.0,215.0
2020-10-19,5257568.0,15802.0,421683.0,154226.0,321.0
2020-10-20,5281287.0,23719.0,404806.0,154888.0,662.0
2020-10-21,5307151.0,25864.0,395203.0,155459.0,571.0
2020-10-22,5339175.0,32024.0,397916.0,155962.0,503.0
2020-10-23,5362219.0,23044.0,407819.0,156528.0,566.0
2020-10-24,5387824.0,25605.0,413000.0,156926.0,398.0
2020-10-25,5400744.0,12920.0,407666.0,157163.0,237.0
2020-10-26,5418187.0,17443.0,394806.0,157451.0,288.0
2020-10-27,5447576.0,29389.0,385549.0,157981.0,530.0
2020-10-28,5476463.0,28887.0,383447.0,158468.0,487.0
2020-10-29,5503143.0,26680.0,389951.0,159033.0,565.0
2020-10-30,5526297.0,23154.0,400471.0,159562.0,529.0
2020-10-31,5542394.0,16097.0,409594.0,159902.0,340.0
2020-11-01,5552506.0,10112.0,411460.0,160104.0,202.0
2020-11-02,5561017.0,8511.0,419803.0,160272.0,168.0
2020-11-03,5573953.0,12936.0,385189.0,160548.0,276.0
2020-11-04,5597797.0,23844.0,372283.0,161170.0,622.0
2020-11-05,5621143.0,23346.0,395020.0,161779.0,609.0
2020-11-06,5639412.0,18269.0,413033.0,162035.0,256.0
2020-11-07,5660494.0,21082.0,433864.0,162286.0,251.0
2020-11-08,5671061.0,10567.0,444320.0,162397.0,111.0
2020-11-09,5682726.0,11665.0,455744.0,162638.0,241.0
2020-11-10,5708274.0,25548.0,481088.0,162842.0,204.0
2020-11-11,5756057.0,47783.0,528307.0,163406.0,564.0
2020-11-12,5790740.0,34683.0,369641.0,164332.0,926.0
2020-11-13,5826633.0,35893.0,394120.0,164946.0,614.0
2020-11-14,5856132.0,29499.0,398948.0,165673.0,727.0
2020-11-15,5870283.0,14151.0,412961.0,165811.0,138.0
2020-11-16,5883947.0,13664.0,395474.0,166067.0,256.0
2020-11-17,5919008.0,35061.0,390673.0,166743.0,676.0
2020-11-18,5954697.0,35689.0,397337.0,167497.0,754.0
2020-11-19,5990427.0,35730.0,414788.0,168141.0,644.0
2020-11-20,6027547.0,37120.0,436783.0,168662.0,521.0
2020-11-21,6060209.0,32662.0,462035.0,169016.0,354.0
2020-11-22,6078847.0,18638.0,477145.0,169197.0,181.0
2020-11-23,6095470.0,16623.0,480834.0,169541.0,344.0
2020-11-24,6128956.0,33486.0,482759.0,170179.0,638.0
2020-11-25,6174461.0,45505.0,490815.0,170799.0,620.0
2020-11-26,6212179.0,37718.0,512083.0,171497.0,698.0
2020-11-27,6246000.0,33821.0,537478.0,171998.0,501.0
2020-11-28,6297986.0,51986.0,562810.0,172637.0,639.0
2020-11-29,6322484.0,24498.0,571518.0,172848.0,211.0
2020-11-30,6344048.0,21564.0,569079.0,173165.0,317.0
2020-12-01,6396360.0,52312.0,566000.0,173862.0,697.0
2020-12-02,6444543.0,48183.0,571659.0,174531.0,669.0
2020-12-03,6495471.0,50928.0,595154.0,175307.0,776.0
2020-12-04,6542964.0,47493.0,622614.0,175981.0,674.0
2020-12-05,6585242.0,42278.0,647238.0,176641.0,660.0
2020-12-06,6611637.0,26395.0,658493.0,176962.0,321.0
2020-12-07,6636192.0,24555.0,657737.0,177388.0,426.0
2020-12-08,6684101.0,47909.0,651208.0,178184.0,796.0
2020-12-09,6738371.0,54270.0,657828.0,179032.0,848.0
2020-12-10,6791862.0,53491.0,680284.0,179801.0,769.0
2020-12-11,6844697.0,52835.0,709499.0,180453.0,652.0
2020-12-12,6889033.0,44336.0,738184.0,181143.0,690.0
2020-12-13,6910454.0,21421.0,746082.0,181419.0,276.0
2020-12-14,6937907.0,27453.0,739877.0,181945.0,526.0
2020-12-15,6982811.0,44904.0,732095.0,182854.0,909.0
2020-12-16,7051332.0,68521.0,734827.0,183822.0,968.0
2020-12-17,7120248.0,68916.0,757670.0,184876.0,1054.0
2020-12-18,7172697.0,52449.0,788825.0,185687.0,811.0
2020-12-19,7222000.0,49303.0,812880.0,186356.0,669.0
2020-12-20,7247476.0,25476.0,814902.0,186773.0,417.0
2020-12-21,7273128.0,25652.0,798826.0,187322.0,549.0
2020-12-22,7328995.0,55867.0,785738.0,188285.0,963.0
2020-12-23,7375709.0,46714.0,781089.0,189264.0,979.0
2020-12-24,7434697.0,58988.0,794843.0,190032.0,768.0
2020-12-25,7457692.0,22995.0,807842.0,190515.0,483.0
2020-12-26,7474959.0,17267.0,808678.0,190815.0,300.0
2020-12-27,7493461.0,18502.0,786945.0,191146.0,331.0
2020-12-28,7516094.0,22633.0,755555.0,191641.0,495.0
2020-12-29,7573391.0,57297.0,733137.0,192716.0,1075.0
2020-12-30,7629313.0,55922.0,727592.0,193940.0,1224.0
2020-12-31,7685385.0,56072.0,743344.0,194976.0,1036.0
2021-1-01,7710195.0,24810.0,758470.0,195441.0,465.0
2021-1-02,7726227.0,16032.0,761065.0,195742.0,301.0
2021-1-03,7743773.0,17546.0,734747.0,196018.0,276.0
2021-1-04,7764792.0,21019.0,692971.0,196591.0,573.0
2021-1-05,7822444.0,57652.0,661260.0,197777.0,1186.0
2021-1-06,7885181.0,62737.0,649608.0,199043.0,1266.0
2021-1-07,7972520.0,87339.0,675091.0,200498.0,1455.0
2021-1-08,8026972.0,54452.0,710956.0,201542.0,1044.0
2021-1-09,8087255.0,60283.0,740587.0,202657.0,1115.0
2021-1-10,8117252.0,29997.0,746461.0,203140.0,483.0
2021-1-11,8145500.0,28248.0,734400.0,203617.0,477.0
2021-1-12,8207509.0,62009.0,729076.0,204726.0,1109.0
2021-1-13,8269536.0,62027.0,786332.0,206009.0,1283.0
2021-1-14,8338397.0,68861.0,791534.0,207160.0,1151.0
2021-1-15,8406740.0,68343.0,837070.0,208291.0,1131.0
2021-1-16,8469397.0,62657.0,871263.0,209350.0,1059.0
2021-1-17,8500996.0,31599.0,879474.0,209868.0,518.0
2021-1-18,8525340.0,24344.0,862965.0,210328.0,460.0
2021-1-19,8589049.0,63709.0,858692.0,211511.0,1183.0
2021-1-20,8653380.0,64331.0,875865.0,212893.0,1382.0
2021-1-21,8713531.0,60151.0,918562.0,214228.0,1335.0
2021-1-22,8769055.0,55524.0,958985.0,215299.0,1071.0
2021-1-23,8830381.0,61326.0,985468.0,216475.0,1176.0
2021-1-24,8858932.0,28551.0,988081.0,217081.0,606.0
2021-1-25,8887501.0,28569.0,960187.0,217712.0,631.0
2021-1-26,8951332.0,63831.0,933759.0,218918.0,1206.0
2021-1-27,9015432.0,64100.0,996540.0,220237.0,1319.0
2021-1-28,9075938.0,60506.0,930468.0,221676.0,1439.0
2021-1-29,9134834.0,58896.0,951416.0,222775.0,1099.0
2021-1-30,9192537.0,57703.0,970320.0,223971.0,1196.0
2021-1-31,9220498.0,27961.0,968922.0,224534.0,563.0
2021-2-01,9245988.0,25490.0,942878.0,225143.0,609.0
2021-2-02,9302433.0,56445.0,915121.0,226383.0,1240.0
2021-2-03,9356303.0,53870.0,891847.0,227592.0,1209.0
2021-2-04,9414356.0,58053.0,893710.0,228883.0,1291.0
2021-2-05,9465880.0,51524.0,908955.0,230127.0,1244.0
2021-2-06,9514792.0,48912.0,920046.0,231069.0,942.0
2021-2-07,9541842.0,27050.0,913094.0,231561.0,492.0
2021-2-08,9567708.0,25866.0,887815.0,232248.0,687.0
2021-2-09,9619646.0,51938.0,862596.0,233588.0,1340.0
2021-2-10,9680122.0,60476.0,849047.0,234945.0,1357.0
2021-2-11,9734320.0,54198.0,854230.0,236397.0,1452.0
2021-2-12,9783921.0,49601.0,867993.0,237601.0,1204.0
2021-2-13,9829687.0,45766.0,880200.0,238647.0,1046.0
2021-2-14,9853150.0,23463.0,868432.0,239294.0,647.0
2021-2-15,9885552.0,32402.0,840418.0,239895.0,601.0
2021-2-16,9941028.0,55476.0,816854.0,240983.0,1088.0
2021-2-17,9998528.0,57500.0,805900.0,242178.0,1195.0
2021-2-18,10050083.0,51555.0,811227.0,243610.0,1432.0
2021-2-19,10101355.0,51272.0,827241.0,244955.0,1345.0
2021-2-20,10159015.0,57660.0,845070.0,246006.0,1051.0
2021-2-21,10188246.0,29231.0,846203.0,246560.0,554.0
2021-2-22,10217808.0,29562.0,831317.0,247276.0,716.0
2021-2-23,10281103.0,63295.0,817293.0,248646.0,1370.0
2021-2-24,10346695.0,65592.0,815598.0,250079.0,1433.0
2021-2-25,10414778.0,68083.0,839421.0,251661.0,1582.0
2021-2-26,10478891.0,64113.0,869929.0,252988.0,1327.0
2021-2-27,10538534.0,59643.0,897831.0,254263.0,1275.0
2021-2-28,10572766.0,34232.0,906715.0,255018.0,755.0
2021-3-01,10611320.0,38554.0,898384.0,255836.0,818.0
2021-3-02,10669762.0,58442.0,885027.0,257562.0,1726.0
2021-3-03,10744343.0,74581.0,893351.0,259402.0,1840.0
2021-3-04,10818833.0,74490.0,920625.0,261188.0,1786.0
2021-3-05,10894375.0,75542.0,960017.0,262948.0,1760.0
2021-3-06,10962057.0,67682.0,993260.0,264446.0,1498.0
2021-3-07,11042286.0,80229.0,1019608.0,265500.0,1054.0
2021-3-08,11078627.0,36341.0,1029693.0,266614.0,1114.0
2021-3-09,11148369.0,69742.0,1036583.0,268568.0,1954.0
2021-3-10,11229529.0,81160.0,1044873.0,270917.0,2349.0
2021-3-11,11308031.0,78502.0,1076341.0,273124.0,2207.0
2021-3-12,11392283.0,84252.0,1116027.0,275276.0,2152.0
2021-3-13,11463422.0,71139.0,1149259.0,277216.0,1940.0
2021-3-14,11507747.0,44325.0,1165612.0,278327.0,1111.0
2021-3-15,11550059.0,42312.0,1158503.0,279602.0,1275.0
2021-3-16,11634388.0,84329.0,1147447.0,282400.0,2798.0
2021-3-17,11725423.0,91035.0,1153230.0,285136.0,2736.0
2021-3-18,11812797.0,87374.0,1185570.0,287795.0,2659.0
2021-3-19,11902411.0,89614.0,1228426.0,290525.0,2730.0
2021-3-20,11976066.0,73655.0,1263817.0,292856.0,2331.0
2021-3-21,12024045.0,47979.0,1279997.0,294115.0,1259.0
2021-3-22,12077636.0,53591.0,1273956.0,295685.0,1570.0
2021-3-23,12162837.0,85201.0,1262336.0,298843.0,3158.0
2021-3-24,12253606.0,90769.0,1262873.0,301087.0,2244.0
2021-3-25,12351397.0,97791.0,1275122.0,303726.0,2639.0
2021-3-26,12434160.0,82763.0,1302739.0,307326.0,3600.0
2021-3-27,12517404.0,83244.0,1327083.0,310694.0,3368.0
2021-3-28,12561935.0,44531.0,1336695.0,312299.0,1605.0
2021-3-29,12604806.0,42871.0,1321291.0,314268.0,1969.0
2021-3-30,12691715.0,86909.0,1299296.0,317936.0,3668.0
2021-3-31,12781120.0,89405.0,1289297.0,321886.0,3950.0
2021-4-01,12870784.0,89664.0,1306126.0,325559.0,3673.0
2021-4-02,12940651.0,69867.0,1335657.0,328366.0,2807.0
2021-4-03,12982074.0,41423.0,1346031.0,330297.0,1931.0
2021-4-04,13013638.0,31564.0,1324587.0,331530.0,1233.0
2021-4-05,13052076.0,38438.0,1282734.0,333153.0,1623.0
2021-4-06,13135150.0,83074.0,1239002.0,337364.0,4211.0
2021-4-07,13226328.0,91178.0,1221073.0,341097.0,3733.0
2021-4-08,13315826.0,89498.0,1238346.0,345287.0,4190.0
2021-4-09,13405121.0,89295.0,1264302.0,348934.0,3647.0
2021-4-10,13474918.0,69797.0,1284885.0,351469.0,2535.0
2021-4-11,13512660.0,37742.0,1278564.0,353293.0,1824.0
2021-4-12,13551731.0,39071.0,1239632.0,355031.0,1738.0
2021-4-13,13632093.0,80362.0,1198577.0,358718.0,3687.0
2021-4-14,13708296.0,76203.0,1175345.0,362180.0,3462.0
2021-4-15,13789030.0,80734.0,1186781.0,365954.0,3774.0
2021-4-16,13865484.0,76454.0,1197597.0,369024.0,3070.0
2021-4-17,13931481.0,65997.0,1214731.0,371889.0,2865.0
2021-4-18,13974623.0,43142.0,1209582.0,373442.0,1553.0
2021-4-19,14009470.0,34847.0,1173709.0,375049.0,1607.0
2021-4-20,14082847.0,73377.0,1142628.0,378530.0,3481.0
2021-4-21,14154962.0,72115.0,1127143.0,381687.0,3157.0
2021-4-22,14204511.0,49549.0,1146969.0,383757.0,2070.0
2021-4-23,14270687.0,66176.0,1172961.0,386623.0,2866.0
2021-4-24,14340997.0,70310.0,1184616.0,389609.0,2986.0
2021-4-25,14373774.0,32777.0,1173680.0,390925.0,1316.0
2021-4-26,14403648.0,29874.0,1132393.0,392204.0,1279.0
2021-4-27,14479938.0,76290.0,1092172.0,395324.0,3120.0
2021-4-28,14557409.0,77471.0,1067352.0,398343.0,3019.0
2021-4-29,14626693.0,69284.0,1073158.0,401417.0,3074.0
2021-4-30,14700058.0,73365.0,1101233.0,404287.0,2870.0
2021-5-01,14760366.0,60308.0,1111136.0,406565.0,2278.0
2021-5-02,14789596.0,29230.0,1103103.0,407775.0,1210.0
2021-5-03,14826415.0,36819.0,1081110.0,408829.0,1054.0
2021-5-04,14896088.0,69673.0,1041238.0,411854.0,3025.0
2021-5-05,14972035.0,75947.0,1027818.0,414645.0,2791.0
2021-5-06,15044889.0,72854.0,1036378.0,417176.0,2531.0
2021-5-07,15123521.0,78632.0,1063650.0,419393.0,2217.0
2021-5-08,15187084.0,63563.0,1087932.0,421484.0,2091.0
2021-5-09,15221541.0,34457.0,1084988.0,422418.0,934.0
2021-5-10,15251076.0,29535.0,1068515.0,423436.0,1018.0
2021-5-11,15322389.0,71313.0,1049487.0,425711.0,2275.0
2021-5-12,15399322.0,76933.0,1046849.0,428256.0,2545.0
2021-5-13,15474758.0,75436.0,1064833.0,430596.0,2340.0
2021-5-14,15559539.0,84781.0,1098399.0,432785.0,2189.0
2021-5-15,15629134.0,69595.0,1131886.0,434852.0,2067.0
2021-5-16,15666291.0,37157.0,1133181.0,435823.0,971.0
2021-5-17,15700217.0,33926.0,1110922.0,436862.0,1039.0
2021-5-18,15774891.0,74674.0,1087903.0,439379.0,2517.0
2021-5-19,15854892.0,80001.0,1082910.0,441864.0,2485.0
2021-5-20,15938554.0,83662.0,1108201.0,444391.0,2527.0
2021-5-21,16016447.0,77893.0,1147711.0,446527.0,2136.0
2021-5-22,16088025.0,71578.0,1177302.0,448291.0,1764.0
2021-5-23,16124454.0,36429.0,1183102.0,449185.0,894.0
2021-5-24,16162312.0,37858.0,1160262.0,450026.0,841.0
2021-5-25,16237452.0,75140.0,1136896.0,452224.0,2198.0
2021-5-26,16317206.0,79754.0,1128596.0,454623.0,2399.0
2021-5-27,16384223.0,67017.0,1141178.0,456753.0,2130.0
2021-5-28,16435013.0,50790.0,1164576.0,459171.0,2418.0
2021-5-29,16514251.0,79238.0,1183413.0,461142.0,1971.0
2021-5-30,16558048.0,43797.0,1183212.0,462092.0,950.0
2021-5-31,16590926.0,32878.0,1163329.0,462966.0,874.0
2021-6-01,16669239.0,78313.0,1135781.0,465312.0,2346.0
2021-6-02,16764163.0,94924.0,1128127.0,467706.0,2394.0
2021-6-03,16847969.0,83806.0,1149202.0,469784.0,2078.0
2021-6-04,16886866.0,38897.0,1176206.0,470968.0,1184.0
2021-6-05,16952752.0,65886.0,1189623.0,472629.0,1661.0
2021-6-06,16992804.0,40052.0,1177023.0,473495.0,866.0
2021-6-07,17031969.0,39165.0,1148954.0,474614.0,1119.0
2021-6-08,17084832.0,52863.0,1113454.0,477307.0,2693.0
2021-6-09,17172344.0,87512.0,1095737.0,479791.0,2484.0
2021-6-10,17262561.0,90217.0,1109672.0,482135.0,2344.0
2021-6-11,17349037.0,86476.0,1146094.0,484350.0,2215.0
2021-6-12,17425230.0,76193.0,1177695.0,486358.0,2008.0
2021-6-13,17462643.0,37413.0,1180619.0,487476.0,1118.0
2021-6-14,17503923.0,41280.0,1161255.0,488404.0,928.0
2021-6-15,17593330.0,89407.0,1157520.0,491164.0,2760.0
2021-6-16,17679606.0,86276.0,1155168.0,493837.0,2673.0
2021-6-17,17754348.0,74742.0,1180693.0,496172.0,2335.0
2021-6-18,17852898.0,98550.0,1217309.0,498621.0,2449.0
2021-6-19,17934887.0,81989.0,1250170.0,500868.0,2247.0
2021-6-20,17979480.0,44593.0,1257324.0,501918.0,1050.0
2021-6-21,18021773.0,42293.0,1230564.0,502817.0,899.0
2021-6-22,18109021.0,87248.0,1215277.0,504897.0,2080.0
2021-6-23,18223563.0,114542.0,1232688.0,507240.0,2343.0
2021-6-24,18296683.0,73120.0,1275700.0,509282.0,2042.0
2021-6-25,18376375.0,79692.0,1316944.0,511272.0,1990.0
2021-6-26,18440924.0,64549.0,1346052.0,512819.0,1547.0
2021-6-27,18475043.0,34119.0,1347507.0,513544.0,725.0
2021-6-28,18503262.0,28219.0,1315731.0,514202.0,658.0
2021-6-29,18568580.0,65318.0,1273325.0,516119.0,1917.0
2021-6-30,18614854.0,46274.0,1237976.0,518246.0,2127.0
2021-7-01,18678474.0,63620.0,1227013.0,520189.0,1943.0
2021-7-02,18744119.0,65645.0,1232700.0,522068.0,1879.0
2021-7-03,18799155.0,55036.0,1241648.0,523699.0,1631.0
2021-7-04,18827418.0,28263.0,1220067.0,524475.0,776.0
2021-7-05,18850601.0,23183.0,1173699.0,525229.0,754.0
2021-7-06,18913585.0,62984.0,1123923.0,527016.0,1787.0
2021-7-07,18968087.0,54502.0,1086806.0,528611.0,1595.0
2021-7-08,19022316.0,54229.0,1069118.0,530344.0,1733.0
2021-7-09,19080509.0,58193.0,1069455.0,531777.0,1433.0
2021-7-10,19129493.0,48984.0,1066175.0,532949.0,1172.0
2021-7-11,19150910.0,21417.0,1029052.0,533546.0,597.0
2021-7-12,19168421.0,17511.0,967456.0,534311.0,765.0
2021-7-13,19213995.0,45574.0,907454.0,535924.0,1613.0
2021-7-14,19272139.0,58144.0,876008.0,537498.0,1574.0
2021-7-15,19325409.0,53270.0,869170.0,539050.0,1552.0
2021-7-16,19371000.0,45591.0,878801.0,540500.0,1450.0
2021-7-17,19405339.0,34339.0,880741.0,541323.0,823.0
2021-7-18,19439465.0,34126.0,873691.0,542262.0,939.0
2021-7-19,19454736.0,15271.0,844779.0,542877.0,615.0
2021-7-20,19482632.0,27896.0,813709.0,544302.0,1425.0
2021-7-21,19537380.0,54748.0,785517.0,545690.0,1388.0
2021-7-22,19586983.0,49603.0,780138.0,547134.0,1444.0
2021-7-23,19632443.0,45460.0,752561.0,548420.0,1286.0
2021-7-24,19670534.0,38091.0,780274.0,549500.0,1080.0
2021-7-25,19688663.0,18129.0,789228.0,549999.0,499.0
2021-7-26,19707662.0,18999.0,758509.0,550586.0,587.0
2021-7-27,19749073.0,41411.0,730345.0,551906.0,1320.0
2021-7-28,19797516.0,48443.0,713938.0,553272.0,1366.0
2021-7-29,19839369.0,41853.0,714752.0,554626.0,1354.0
2021-7-30,19880273.0,40904.0,729381.0,555512.0,886.0